Country,ISO3,1999,2000,2001,2002,2003,2004,2005,2006,2007,2008,2009,2010,2011,2012,2013,2014,2015,2016,2017,2018,2019
Africa Eastern and Southern,AFE,265429.0,287202.0,260992.0,267815.0,355716.0,442696.0,516661.0,580241.0,665599.0,713502.0,715485.0,849410.0,945439.0,952999.0,962395.0,978708.0,898278.0,828943.0,972999.0,1012310.0,1009720.0
Africa Western and Central,AFW,139468.0,142140.0,150058.0,179390.0,207755.0,256908.0,313328.0,398140.0,466884.0,569322.0,509918.0,600153.0,683888.0,739938.0,836937.0,897416.0,771767.0,694361.0,687849.0,770495.0,826484.0
Australia,AUS,389652.0,416168.0,379629.0,395789.0,467739.0,614660.0,695693.0,748418.0,855007.0,1056110.0,928762.0,1148840.0,1398610.0,1547530.0,1577120.0,1468270.0,1351300.0,1206840.0,1325580.0,1427810.0,1392720.0
Austria,AUT,216422.0,196182.0,196477.0,212837.0,260780.0,299210.0,313952.0,333906.0,386760.0,429234.0,399290.0,389828.0,428955.0,406750.0,426581.0,438556.0,379546.0,393687.0,414926.0,452582.0,442984.0
Burundi,BDI,808.0772234,870.4860659,876.7947231,825.3945193999999,784.6544236,915.2573234,1117.11308,1273.375078,1356.199387,1611.835857,1781.45514,2032.135192,2235.820809,2333.341334,2451.606632,2705.78333,3104.003546,2644.487777,2723.586963,2667.1822,2576.51888
Belgium,BEL,258246.0,236792.0,236746.0,258384.0,318083.0,369215.0,385715.0,408260.0,470922.0,517328.0,485015.0,481557.0,527197.0,498414.0,524097.0,537987.0,461045.0,474272.0,500909.0,542639.0,536726.0
Benin,BEN,3677.393999,3519.99144,3666.222635,4194.342686,5349.258094,6190.27038,6567.654954,7034.111315,8169.048383,9787.734526,9738.626517,9535.345011,10693.32137,11141.358106,12517.845128,13284.52785,11388.160997,11821.065852,12701.655846,14262.40808,14391.686309
Burkina Faso,BFA,3389.566713,2968.370088,3190.371081,3622.350063,4740.768143,5451.688538,6146.353173,6547.41982,7625.722837,9451.43549,9450.696873,10109.619741,12080.295978,12561.015157,13444.300486,13943.016077,11832.159316,12833.363045,14106.955615,15890.066221,16032.813503
Bangladesh,BGD,51270.569884,53369.787319,53991.289844,54724.081491,60158.929188,65108.54425,69476.001239,71795.736172,79611.644975,91636.997371,102475.0,115276.0,128607.0,133311.0,149999.0,172887.0,195147.0,265225.0,293732.0,321363.0,351232.0
"Bahamas, The",BHS,7683.87,8076.47,8317.83,8881.16,8870.09,9055.29,9836.2,10167.25,10618.34,10526.0,9981.96,10095.76,10070.45,10720.4,10395.8,10974.1,11671.9,11745.1,12236.7,12615.8,13016.2
Belize,BLZ,1000.25,1138.9,1172.8,1244.65,1308.9,1400.85,1474.95,1591.15,1707.1,1738.9,1688.5,1745.7,1827.05,1909.4,2032.75,2138.25,2193.05,2240.2,2266.3,2293.25,2388.3
Bermuda,BMU,3324.433,3480.219,3680.483,3937.228,4186.525,4484.703,4868.136,6144.0,6767.0,6980.0,6656.0,6634.526,6312.691,6378.188,6465.756,6413.988,6654.541,6899.911,7142.316,7225.977,7423.465
Bolivia,BOL,8285.064435,8397.855485,8141.516928,7905.485146,8082.39964,8773.451752,9549.122905,11451.844902,13120.108008,16674.276286,17339.992194,19649.723722,23963.164697,27084.497482,30659.338886,32996.188013,33000.198248,33941.1262,37508.642165,40287.64793,40895.322844
Brazil,BRA,599642.0,655448.0,559984.0,509795.0,558234.0,669289.0,891634.0,1107630.0,1397110.0,1695860.0,1667000.0,2208840.0,2616160.0,2465230.0,2472820.0,2456040.0,1802210.0,1795690.0,2063510.0,1916930.0,1873290.0
Barbados,BRB,2951.822205,3059.5,3054.5,3106.5,3209.5,3444.5,3819.5,4217.3234,4675.76795,4790.4104,4466.8096,5191.1885,5342.1838,5271.2575,5361.15835,5365.9767,5288.05775,5330.7615,5517.34045,5629.9162,5788.288
Botswana,BWA,5484.263347,5788.329609,5489.6083,5438.863983,7511.582173,8957.467707,9918.907108,9919.158482,10567.270656,10730.829116,10118.459242,12637.273429,15110.643612,13907.4645,14271.738933,15470.088501,13530.748845,15082.637184,16105.155857,17031.943186,16725.908149
Central African Republic,CAF,999.4775107,916.7772827,932.6486047999999,996.0681449,1142.315523,1272.360517,1337.894379,1461.859762,1699.811295,1993.407888,2067.381665,2142.59154,2437.982705,2510.126512,1691.54411,1894.813389,1695.825714,1825.018145,2072.349973,2220.979146,2221.301351
Canada,CAN,678412.0,744773.0,738982.0,760649.0,895541.0,1026690.0,1173110.0,1319260.0,1468820.0,1552990.0,1374630.0,1617340.0,1793330.0,1828370.0,1846600.0,1805750.0,1556510.0,1527990.0,1649270.0,1725330.0,1743730.0
Switzerland,CHE,297874.0,279216.0,286583.0,309301.0,362075.0,403913.0,418285.0,441635.0,490741.0,567268.0,554213.0,598851.0,715888.0,686420.0,706235.0,726538.0,694118.0,687895.0,695201.0,725569.0,721369.0
Chile,CHL,75578.685736,78339.750722,71574.739561,70264.045939,76492.579644,99075.985773,122294.0,153844.0,172491.0,179895.0,171778.0,217051.0,251383.0,267025.0,277395.0,259561.0,242450.0,249345.0,276154.0,295858.0,278285.0
China,CHN,1094000.0,1211330.0,1339400.0,1470560.0,1660280.0,1955350.0,2285960.0,2752120.0,3550330.0,4594340.0,5101690.0,6087190.0,7551550.0,8532190.0,9570470.0,10475600.0,11061600.0,11233300.0,12310500.0,13894900.0,14280000.0
Cote d'Ivoire,CIV,18870.992456,16577.533892,16810.537044,18054.383321,21251.75434,23510.575681,24036.918703,25281.413263,28760.090953,34078.240293,33886.81325,34936.30798,36693.710801,36302.302877,42760.235485,48843.005614,45815.005169,48407.761037,52512.343997,58522.477787,60382.894697
Cameroon,CMR,11565.826465,10566.579295,10953.485349,12417.25135,15970.315035,18826.214136,19509.852207,20910.512975,23928.250433,27715.142033,27932.970317,27507.501821,30630.910495,30155.062329,33728.62118,36386.544706,32210.23302,33814.337044,36098.547033,39955.55219,39667.757528
"Congo, Dem. Rep.",COD,4711.259427,19088.046306,7438.1891,8728.038525,8937.56706,10297.483481,11964.484466,14451.901696,16737.071816,19788.51559,18648.372553,21565.721045,25839.749199,29306.235285,32679.745048,35909.040926,37917.706497,37134.801555,38019.264795,47568.21001,51775.829877
"Congo, Rep.",COG,2354.77296,3227.927698,2796.704604,3034.250924,3503.723088,4656.97494,6650.00168,8072.305029,8782.703437,11649.857673,9723.299915,13148.396212,15655.383577,17692.911296,17958.720699,17919.321078,12434.793867,10931.328151,11834.473039,14773.900289,13976.63778
Colombia,COL,86278.947637,99875.074951,98200.641203,97945.812803,94644.969157,117092.0,145601.0,161793.0,206230.0,242504.0,232469.0,286499.0,334966.0,370691.0,382094.0,381241.0,293492.0,282720.0,311867.0,334198.0,323032.0
Costa Rica,CRI,14254.866285,15013.629662,15976.174337,16578.820687,17271.760507,18610.594846,20040.642477,22715.540324,26884.700709,30801.7457,30745.714313,37658.616952,42762.613699,47231.655432,50949.668842,52016.408854,56441.920821,58847.01961,60516.044657,62420.164992,64417.670521
Caribbean small states,CSS,16585.43719,17471.510858,17643.048267,18692.379239,19254.397502,20288.513844,22215.175059,25930.657641,28075.119901,29403.259498,28715.218885,30378.579904,31032.622591,32709.956406,33069.159225,34129.544764,35085.992997,33933.421225,35438.120141,36727.45762,38046.955434
Germany,DEU,2213870.0,1966980.0,1966380.0,2102350.0,2534720.0,2852320.0,2893390.0,3046310.0,3484060.0,3808790.0,3479800.0,3468150.0,3824830.0,3597900.0,3808090.0,3965800.0,3423570.0,3537780.0,3763090.0,4052010.0,3957210.0
Denmark,DNK,177888.0,164044.0,164882.0,178788.0,218421.0,251986.0,265150.0,283386.0,320213.0,354979.0,322619.0,322346.0,344316.0,326793.0,344631.0,352833.0,301759.0,312182.0,331611.0,355293.0,345401.0
Dominican Republic,DOM,22136.579397,24305.780629,25601.823688,27137.440786,21403.167848,22322.387382,35777.560684,37879.830084,43965.458509,48122.60153,48261.078914,53860.187258,58029.773599,60681.535653,62682.159338,67179.955677,71164.826837,75704.647878,79998.046306,85555.390139,88941.372558
Algeria,DZA,48640.671735,54790.39857,59413.400924,61516.103406,73482.264191,91913.680985,107047.0,123084.0,142483.0,180384.0,150317.0,177785.0,218332.0,227144.0,229701.0,238943.0,187494.0,180764.0,189881.0,194554.0,193460.0
East Asia & Pacific (excluding high income),EAP,1577920.0,1736180.0,1847280.0,2044580.0,2314250.0,2683480.0,3108470.0,3743850.0,4733260.0,5988920.0,6493360.0,7903110.0,9653900.0,10763700.0,11874600.0,12805500.0,13329400.0,13621100.0,14888300.0,16648900.0,17222800.0
Early-demographic dividend,EAR,3090350.0,3377600.0,3351040.0,3255020.0,3621670.0,4208360.0,4895440.0,5597700.0,6626610.0,7456250.0,7173660.0,8713510.0,9822750.0,10268600.0,10421400.0,10776400.0,10246600.0,10547200.0,11448600.0,11610500.0,11835000.0
East Asia & Pacific,EAS,7745110.0,8377970.0,7790170.0,7913470.0,8703210.0,9759730.0,10413100.0,11037100.0,12333800.0,14223500.0,14633900.0,17080600.0,19800000.0,21177800.0,21415700.0,22094700.0,22000900.0,22781800.0,24335000.0,26494500.0,27040100.0
Europe & Central Asia,ECS,10686900.0,10077600.0,10182000.0,11151000.0,13559300.0,15805000.0,16824400.0,18222800.0,21289500.0,23433000.0,20628500.0,21103200.0,23416500.0,22545200.0,23559100.0,23897400.0,20583200.0,20511300.0,21765900.0,23306300.0,23031900.0
Ecuador,ECU,19645.272636,17539.454727,23127.055,27054.197,30965.208,35194.947,40278.849,45690.762,49848.725,61139.438,60094.978,68151.329,78986.648,87735.048,96570.334,102718.0,97209.558,97671.433,104467.0,107479.0,107596.0
"Egypt, Arab Rep.",EGY,90710.704807,99838.54396,96684.636119,85146.067416,80288.461538,78782.467532,89600.665557,107426.0,130438.0,162818.0,189147.0,218984.0,235990.0,279117.0,288434.0,305595.0,329367.0,332442.0,248363.0,262589.0,318679.0
Euro area,EMU,7148860.0,6528630.0,6631900.0,7241860.0,8921230.0,10231000.0,10611800.0,11288300.0,13000300.0,14296300.0,13084300.0,12786100.0,13810200.0,12786700.0,13358700.0,13683300.0,11828600.0,12124600.0,12839900.0,13867900.0,13587000.0
Spain,ESP,634395.0,598103.0,627799.0,708938.0,907963.0,1069830.0,1154670.0,1261850.0,1476750.0,1636120.0,1496590.0,1427990.0,1487570.0,1330990.0,1362190.0,1380240.0,1206160.0,1243020.0,1321750.0,1431640.0,1403500.0
Ethiopia,ETH,7892.973532,8242.349618,8231.326016,7850.809498,8623.6913,10131.187261,12401.139454,15280.861835,19707.616773,27066.912635,32437.389116,29933.790334,31952.763089,43310.721414,47648.276605,55612.228234,64589.328551,74296.745208,81770.886826,84269.196626,95912.607722
European Union,EUU,7936010.0,7288430.0,7407570.0,8100400.0,9956960.0,11449200.0,11954500.0,12768500.0,14789500.0,16365100.0,14846300.0,14643400.0,15876600.0,14734000.0,15400000.0,15764800.0,13655100.0,13990300.0,14870100.0,16091500.0,15808400.0
Fragile and conflict affected situations,FCS,400171.0,468036.0,458017.0,446928.0,470618.0,596965.0,755161.0,945956.0,1159330.0,1481950.0,1342730.0,1593980.0,1664320.0,1862140.0,1934770.0,2052980.0,1616330.0,1489690.0,1588840.0,1734690.0,1842630.0
Finland,FIN,135234.0,125968.0,129520.0,140361.0,171613.0,197458.0,204859.0,217044.0,256360.0,285699.0,253481.0,249430.0,275127.0,257443.0,270268.0,273479.0,233211.0,238778.0,253846.0,273869.0,267015.0
Fiji,FJI,1936.459986,1678.219508,1652.462023,1833.279985,2300.492465,2708.078477,2980.403845,3076.305453,3378.3146,3523.18592,2870.624636,3140.166713,3779.411899,3972.028104,4189.967999,4857.104791,4682.479912,4930.213634,5353.469171,5581.425325,5444.407214
France,FRA,1486920.0,1360960.0,1370380.0,1492430.0,1835100.0,2109790.0,2192150.0,2317860.0,2655820.0,2926800.0,2700080.0,2646230.0,2870410.0,2683010.0,2816080.0,2861240.0,2442480.0,2470410.0,2588870.0,2781580.0,2722790.0
Gabon,GAB,4662.992036,5080.483629,5023.265413,5335.4511,6511.903365,7770.219008,9582.783991,10327.598306,12455.409587,15571.348344,12113.699068,14372.59302,18210.307744,17170.464016,17595.744798,18203.966896,14383.107763,14023.890265,14929.487485,16867.326402,16874.405465
United Kingdom,GBR,1687830.0,1665530.0,1649830.0,1785730.0,2054420.0,2421530.0,2543180.0,2708440.0,3090510.0,2929410.0,2412840.0,2485480.0,2663810.0,2707090.0,2784850.0,3064710.0,2927910.0,2689110.0,2680150.0,2871340.0,2851410.0
Ghana,GHA,7718.109982,4982.850662,5314.872854,6166.197848,7632.723556,8881.417907,10744.568381,20885.037597,24827.339138,28679.383241,26048.720006,32197.655567,39336.668081,41271.701061,62824.629066,54783.319817,49406.010054,56164.929305,60405.924079,67298.914624,68337.969248
Greece,GRC,137131.0,125760.0,132050.0,150254.0,196931.0,234980.0,242316.0,269073.0,314227.0,351121.0,326829.0,296418.0,283228.0,238841.0,236556.0,233912.0,194567.0,193097.0,200381.0,213299.0,207306.0
Guatemala,GTM,18318.412251,19288.92903,18405.220247,20444.205991,21576.351799,23577.298095,26783.389294,29744.246827,33567.850824,38503.720224,37126.148265,40676.578423,46876.006272,49593.929487,52996.446269,57852.153059,62186.064719,66053.403469,71653.754066,73328.365862,77172.317259
Guyana,GUY,694.7549882999999,712.6678967,712.1674502000001,726.1314347,743.0639503,787.8143792000001,824.8805503,2379.817991,2730.971595,3025.187433,3165.663153,3432.912517,3691.384318,4063.088536,4167.800929,4127.660152,4279.840194,4482.697337,4748.174334,4787.636998,5173.760192
High income,HIC,27417600.0,28051800.0,27827900.0,29042600.0,32602900.0,36421500.0,38673200.0,41048100.0,45167400.0,48417900.0,45032400.0,47429100.0,51637700.0,51803500.0,52545700.0,53424900.0,49875500.0,50840900.0,53443200.0,56794000.0,57351000.0
"Hong Kong SAR, China",HKG,165768.0,171669.0,169404.0,166349.0,161386.0,169100.0,181569.0,193535.0,211597.0,219279.0,214048.0,228639.0,248514.0,262629.0,275697.0,291460.0,309386.0,320860.0,341273.0,361731.0,363075.0
Honduras,HND,6414.52053,7186.638029,7651.162302,7858.255413,8230.391347,8869.299234,9757.012697,10917.477066,12361.257681,13881.731876,14587.496229,15839.344592,17710.275685,18528.554398,18499.729215,19756.533972,20979.791685,21717.604952,23136.247991,24067.75076,24882.225742
Heavily indebted poor countries (HIPC),HPC,167809.0,181381.0,175230.0,190151.0,215719.0,248551.0,284756.0,334033.0,398671.0,473751.0,470141.0,510517.0,565720.0,586350.0,657860.0,696366.0,668869.0,675915.0,726226.0,776506.0,805115.0
Haiti,HTI,4153.725884,6813.566099,6331.970324,6205.847214,5071.947798,6087.360684,7030.14973,7638.739123,9228.637768,10432.962635,11597.002835,11859.312725,13008.746039,13708.925477,14902.488604,15146.883498,14849.629309,14069.277526,15093.357161,16403.864618,15016.09093
IBRD only,IBD,5398380.0,5873150.0,5955400.0,6043800.0,6787010.0,8083580.0,9656470.0,11452600.0,14221600.0,17055700.0,16539500.0,20113600.0,23813100.0,25306400.0,26702800.0,27596800.0,25841100.0,26032700.0,28752300.0,30653900.0,31298800.0
IDA & IBRD total,IBT,5850210.0,6391420.0,6467970.0,6596110.0,7410040.0,8812160.0,10501900.0,12462300.0,15406800.0,18467300.0,17918100.0,21703500.0,25609800.0,27201500.0,28764500.0,29817400.0,28002700.0,28185600.0,31021000.0,33059100.0,33801000.0
IDA total,IDA,451744.0,518692.0,512834.0,553000.0,623834.0,729357.0,846027.0,1010540.0,1185340.0,1411650.0,1378650.0,1589910.0,1796660.0,1895070.0,2061790.0,2220590.0,2160360.0,2151880.0,2268540.0,2405080.0,2501780.0
IDA blend,IDB,184664.0,227751.0,227157.0,249561.0,281704.0,341634.0,404342.0,501412.0,581133.0,680728.0,635295.0,745687.0,851975.0,946686.0,1028640.0,1115650.0,1058990.0,987291.0,1012160.0,1066720.0,1092770.0
IDA only,IDX,268179.0,291563.0,286237.0,303914.0,342662.0,388003.0,441786.0,508733.0,603944.0,730926.0,743350.0,844219.0,944683.0,948382.0,1033140.0,1104940.0,1101360.0,1164590.0,1256380.0,1338360.0,1409010.0
India,IND,458821.0,468396.0,485440.0,514939.0,607701.0,709153.0,820384.0,940260.0,1216740.0,1198900.0,1341890.0,1675620.0,1823050.0,1827640.0,1856720.0,2039130.0,2103590.0,2294800.0,2651470.0,2702930.0,2835610.0
Ireland,IRL,98893.958263,100208.0,109347.0,128596.0,164671.0,194372.0,211877.0,232181.0,270079.0,275447.0,236443.0,221986.0,241337.0,227271.0,243302.0,266787.0,302391.0,305733.0,348532.0,395461.0,407125.0
"Iran, Islamic Rep.",IRN,113848.0,109592.0,126879.0,128627.0,151911.0,187755.0,224970.0,265602.0,349737.0,406071.0,414059.0,487070.0,629082.0,644019.0,500400.0,462285.0,409192.0,459043.0,489169.0,398880.0,333519.0
Iraq,IRQ,36881.601584,48364.250944,36176.430129,32928.454672,21921.569479,36633.669269,50065.104668,65147.051918,88837.05732,131614.0,111658.0,138517.0,185750.0,218002.0,234638.0,228416.0,166774.0,166744.0,187218.0,227367.0,233636.0
Iceland,ISL,8982.047589,9025.660362,8234.846805,9318.395055,11429.333038,13825.302536,16852.963067,17465.318552,21652.505597,18074.622987,13154.414219,13751.161918,15221.622926,14751.508134,16125.060515,17867.662178,17517.210519,20793.168031,24728.285177,26260.850582,24681.343649
Israel,ISR,121167.0,136225.0,134621.0,125055.0,131315.0,139899.0,147103.0,158723.0,184069.0,220552.0,212454.0,238913.0,267406.0,262918.0,297634.0,314090.0,302723.0,320959.0,357227.0,375150.0,399651.0
Italy,ITA,1255000.0,1149660.0,1172040.0,1281750.0,1582930.0,1812810.0,1864980.0,1958560.0,2222520.0,2417510.0,2209480.0,2144940.0,2306970.0,2097930.0,2153230.0,2173260.0,1845430.0,1887110.0,1970720.0,2099440.0,2019610.0
Jamaica,JAM,8887.057997,9005.064475,9194.727831,9719.009495,9430.234811,10174.664854,11243.865778,11930.17909,12799.600047,13709.40152,12120.458115,13220.549908,14444.661522,14807.086556,14264.205153,13899.217722,14188.936958,14077.096714,14808.985171,15730.792836,15830.766571
Japan,JPN,4635980.0,4968360.0,4374710.0,4182850.0,4519560.0,4893120.0,4831470.0,4601660.0,4579750.0,5106680.0,5289490.0,5759070.0,6233150.0,6272360.0,5212330.0,4896990.0,4444930.0,5003680.0,4930840.0,5040880.0,5117990.0
Kenya,KEN,12896.010459,12705.350098,12986.007426,13147.736899,14904.51765,16095.337094,18737.895513,25825.512284,31958.195182,35895.153328,42347.217913,45405.615064,46869.473151,56396.704672,61671.440408,68285.796514,70120.446897,74815.144164,82036.510877,92202.979985,100378.0
St. Kitts and Nevis,KNA,406.5954844,421.6957698,458.643829,481.0773737,469.86986989999997,506.9,547.2037037,644.4148147999999,689.2851852,777.6925926,774.2740741,778.7185185,836.0925926,824.5851852000001,874.5481481,952.1111111,957.2222222,1006.818519,1056.977778,1076.548148,1107.855556
"Korea, Rep.",KOR,497514.0,576179.0,547656.0,627247.0,702715.0,793176.0,934901.0,1053220.0,1172610.0,1047340.0,943942.0,1143670.0,1253290.0,1278050.0,1370630.0,1484490.0,1466040.0,1499680.0,1623070.0,1725370.0,1651420.0
Latin America & Caribbean (excluding high income),LAC,1810330.0,2001500.0,1951440.0,1757090.0,1793950.0,2043690.0,2470510.0,2881100.0,3401610.0,3931410.0,3643250.0,4556440.0,5320450.0,5297870.0,5436640.0,5457300.0,4634560.0,4496980.0,5012880.0,4870400.0,4803450.0
Liberia,LBR,441.8,874.0,906.0,927.0,748.0,897.0,949.0,1119.0,1373.0,1726.0,1768.0,1998.0,2398.0,2791.614,3177.1981,3225.652,3227.0757,3398.4196,3390.7034,3422.7548,3319.5965
Libya,LBY,35975.860857,38270.954138,34112.093927,20481.889764,26265.625,33122.307692,47334.691241,60094.231607,68032.978391,86710.767415,60808.562033,75380.825062,48169.263294,92540.938129,75351.107029,57372.355592,48717.501321,49912.073701,67157.452182,76686.029772,69254.496472
Latin America & Caribbean,LCN,2107780.0,2326950.0,2282570.0,2052730.0,2091860.0,2405430.0,2903180.0,3397280.0,3998720.0,4644080.0,4357530.0,5397420.0,6138990.0,6210850.0,6364360.0,6485370.0,5420630.0,5285770.0,5869260.0,5743190.0,5659310.0
Least developed countries: UN classification,LDC,197283.0,224157.0,216070.0,236328.0,267623.0,307432.0,362429.0,419507.0,503812.0,617433.0,611692.0,691265.0,788563.0,825270.0,898745.0,966685.0,928291.0,944199.0,1033370.0,1100500.0,1161450.0
Low income,LIC,100712.0,123884.0,117058.0,128765.0,143795.0,168046.0,200687.0,233311.0,284149.0,341905.0,340324.0,374460.0,406243.0,384272.0,396288.0,424195.0,417757.0,385207.0,403454.0,420211.0,447115.0
Sri Lanka,LKA,15656.32786,16330.81418,15749.753805,16536.535647,18881.765437,20662.525941,24405.791045,28279.802406,32350.23876,40713.826215,42066.224093,58636.161082,67753.284044,70447.216891,77000.578167,82528.535714,85140.955389,88012.282206,94376.237797,94493.871201,89014.978344
Lower middle income,LMC,1122830.0,1185570.0,1198120.0,1264220.0,1434280.0,1649980.0,1901030.0,2226450.0,2725020.0,3014460.0,3143240.0,3782640.0,4221080.0,4460330.0,4717340.0,5095590.0,5089670.0,5304010.0,5741380.0,5994120.0,6298710.0
Low & middle income,LMY,5224980.0,5680760.0,5689230.0,5798280.0,6488020.0,7609500.0,8986080.0,10577800.0,12986800.0,15415200.0,15449600.0,18785600.0,22125400.0,23520200.0,24956400.0,26113000.0,25336700.0,25597100.0,27987400.0,29791600.0,30495400.0
Lesotho,LSO,912.7736811,887.2916878999999,825.7069612,775.7772386,1157.825435,1511.236656,1682.343527,1800.092564,1682.131785,1766.902709,1740.894965,2234.754242,2579.40962,2477.702216,2367.112932,2441.063054,2359.686725,2114.426452,2306.741672,2556.247292,2390.702296
Late-demographic dividend,LTE,3112220.0,3414600.0,3529670.0,3741290.0,4262680.0,5122700.0,6178900.0,7456060.0,9390660.0,11676300.0,11279800.0,13568000.0,16537000.0,17686800.0,19051500.0,19788100.0,18565300.0,18605500.0,20647700.0,22641300.0,23070200.0
Luxembourg,LUX,21899.317599,21230.182989,21387.533703,23649.833332,29667.268248,35064.843793,37672.28012,42910.146296,51587.401416,58844.277702,54467.289898,56213.985987,61696.281326,59776.383527,65203.276467,68804.811898,60071.584216,62216.885436,65712.180343,71000.35976,69890.505324
Morocco,MAR,46266.428648,43017.455402,43831.480208,47077.192188,58029.363354,66114.145451,68852.658069,75883.823301,86947.913287,101823.0,101155.0,100865.0,110081.0,106937.0,115739.0,119131.0,110414.0,111573.0,118541.0,127341.0,128920.0
Madagascar,MDG,4277.90378,4629.247204,5438.332602,5351.701663,6372.49889,5064.732626,5859.269753,6395.712491,8524.62089,10725.137724,9616.879409,9982.711338,11551.819618,11578.975062,12423.555455,12522.957399,11323.020701,11848.613858,13176.313594,13760.033282,14104.664679
Middle East & North Africa,MEA,888446.0,995464.0,990205.0,982254.0,1091930.0,1287570.0,1545030.0,1815640.0,2146340.0,2676960.0,2404910.0,2822240.0,3401560.0,3662120.0,3610790.0,3630930.0,3202940.0,3236200.0,3375980.0,3608660.0,3598450.0
Mexico,MEX,631249.0,742061.0,796065.0,810666.0,765550.0,819459.0,917572.0,1020270.0,1102360.0,1161550.0,943437.0,1105420.0,1229010.0,1255110.0,1327440.0,1364510.0,1213290.0,1112230.0,1190720.0,1256300.0,1304110.0
Middle income,MIC,5124150.0,5558380.0,5573070.0,5671240.0,6346130.0,7443640.0,8788160.0,10347500.0,12706100.0,15077900.0,15113700.0,18414900.0,21722100.0,23137100.0,24560800.0,25689900.0,24920300.0,25211700.0,27583000.0,29370000.0,30047500.0
Myanmar,MMR,8486.832801,8905.066164,6477.790688,6777.632512,10467.109978,10567.354056,11986.972419,14502.55371,20182.477481,31862.554102,36906.181381,49540.813342,59977.326086,59937.796648,60269.732855,65531.3742,59607.290408,63298.361996,66053.040483,67860.51599,75065.106228
Middle East & North Africa (excluding high income),MNA,449128.0,474549.0,480454.0,463163.0,507827.0,602300.0,705653.0,827626.0,1016110.0,1253840.0,1218910.0,1413490.0,1657670.0,1782880.0,1651620.0,1627890.0,1461560.0,1497800.0,1499230.0,1490670.0,1480180.0
Mauritius,MUS,4402.193195,4726.108622,4675.755867,4906.494249,5894.87392,6667.418752,6576.108447,7028.810681,8150.150209,9990.356674,9128.843109,10003.67069,11518.41343,11668.696397,12292.974141,13074.129952,12007.291046,12594.155464,13713.506131,14735.695931,14436.34698
Malaysia,MYS,79148.421053,93789.736842,92783.947368,100846.0,110202.0,124749.0,143534.0,162692.0,193550.0,230812.0,202257.0,255018.0,297952.0,314443.0,323276.0,338066.0,301355.0,301256.0,319109.0,358789.0,365178.0
North America,NAC,10312900.0,10999200.0,11324600.0,11693700.0,12356200.0,13248400.0,14217200.0,15141000.0,15949800.0,16329800.0,15859300.0,16672900.0,17399400.0,18088700.0,18733700.0,19420300.0,19858200.0,20339800.0,21268500.0,22389100.0,23291100.0
Niger,NER,2537.789821,2241.753193,2448.714704,2782.192879,3394.084732,3760.443738,4383.315965,4756.361252,5731.485052,7297.600226,7352.13131,7851.192502,8772.950778,9426.912648,10224.897438,10862.943544,9683.867926,10398.861982,11185.104252,12837.307497,12889.555561
Nigeria,NGA,59145.077039,69171.451627,73557.840064,95054.059303,104739.0,135765.0,175671.0,238455.0,278261.0,339476.0,295009.0,366990.0,414467.0,463971.0,520117.0,574184.0,493027.0,404649.0,375746.0,421739.0,474517.0
Nicaragua,NIC,4856.026259,5109.58705,5351.752034,5223.727303,5322.228351,5792.932838,6321.324455,6763.688875,7423.41948,8496.948184,8298.687306,8758.572306,9774.320144,10531.980451,10982.954744,11880.433903,12756.68555,13286.101094,13785.924216,13025.234821,12699.02889
Netherlands,NLD,447779.0,417649.0,432536.0,475530.0,582436.0,661225.0,688134.0,737594.0,853499.0,957902.0,878954.0,852465.0,913141.0,845689.0,883952.0,901557.0,775744.0,797164.0,848234.0,929734.0,928903.0
Norway,NOR,162384.0,171457.0,174239.0,195915.0,229385.0,265269.0,309979.0,346915.0,402643.0,464918.0,387976.0,431052.0,501361.0,512777.0,526014.0,501736.0,388160.0,370957.0,401745.0,439789.0,408743.0
Nepal,NPL,5033.642384,5494.252208,6007.055042,6050.875807,6330.473097,7273.938315,8130.258378,9043.715356,10325.618017,12545.438605,12854.985464,16002.656434,21573.872421,21703.100877,22162.204925,22731.612922,24360.801287,24524.109484,28971.58894,33111.525237,34186.180699
New Zealand,NZL,58762.260626,52623.281957,53872.425917,66627.729311,88250.88555,103905.0,114720.0,111539.0,137189.0,133131.0,121374.0,146518.0,168295.0,176211.0,190910.0,201338.0,178104.0,188898.0,206567.0,211847.0,212847.0
OECD members,OED,27081500.0,27681900.0,27429300.0,28618600.0,32010200.0,35639100.0,37692600.0,39774200.0,43545900.0,46242400.0,43267700.0,45384800.0,48832900.0,48769400.0,49464600.0,50499400.0,47636500.0,48559800.0,50712000.0,53631800.0,54179500.0
Oman,OMN,17832.769831,22259.557867,22205.721717,23065.539662,24733.680104,28378.93368,35506.892068,42577.63329,48300.390117,69804.681404,55454.096229,64993.498049,77497.529259,87408.842653,89936.020806,92699.089727,78710.793238,75128.738622,80856.697009,91505.851756,88060.858257
Pakistan,PAK,62973.857069,99484.802345,97145.61848,97923.302809,112372.0,132216.0,145209.0,161871.0,184141.0,202204.0,187338.0,196710.0,230587.0,250107.0,258657.0,271390.0,299964.0,313630.0,339206.0,356128.0,320909.0
Panama,PAN,11660.7048,11966.497,12252.9063,12800.8513,13603.456,15100.2034,16623.9067,18659.7215,21717.4338,25721.328,27791.2155,30231.0095,35687.7383,41595.4397,46949.4965,51427.1049,55767.8061,59760.8587,64327.6888,67316.4712,69778.9912
Peru,PER,50187.324568,51744.749133,52030.158775,54777.553515,58731.030122,66768.703498,76060.606061,88643.193062,102171.0,120551.0,120823.0,147528.0,171762.0,192650.0,201176.0,200786.0,189803.0,191898.0,211008.0,222597.0,228346.0
Philippines,PHL,85640.171045,83669.788255,78921.234458,84307.345888,87039.092974,95001.999685,107420.0,127653.0,155980.0,181625.0,175975.0,208369.0,234217.0,261921.0,283903.0,297484.0,306446.0,318627.0,328481.0,346842.0,376823.0
Papua New Guinea,PNG,3477.038204,3521.339699,3081.024212,2999.51104,3536.411824,3927.157867,4865.892972,8354.911041,9545.028944,11670.892801,11619.456449,14250.786675,17985.138066,21295.168666,21261.338065,23210.823987,21723.43701,20758.876953,22742.699138,24109.780708,24750.626041
Pre-demographic dividend,PRE,244880.0,282737.0,269008.0,309411.0,337088.0,419815.0,522881.0,657280.0,794690.0,990635.0,898098.0,1049040.0,1215350.0,1321870.0,1450620.0,1537560.0,1307390.0,1164560.0,1216070.0,1355250.0,1428930.0
Puerto Rico,PRI,57841.0,61701.8,69208.4,71623.5,74827.4,80322.313,83914.5213,87276.1644,89524.1316,93639.3,96385.6,98381.3,100352.0,101565.0,102450.0,102446.0,103376.0,104337.0,103446.0,100958.0,105126.0
Portugal,PRT,127470.0,118605.0,121604.0,134796.0,165226.0,189382.0,197254.0,208756.0,240496.0,263416.0,244668.0,238444.0,245427.0,216537.0,226677.0,230079.0,199039.0,206305.0,220863.0,242093.0,240116.0
Paraguay,PRY,8837.070236,8855.70514,8495.806432,7196.260657,7691.367471,9624.440836,10737.500188,13429.43005,17856.393235,24615.267664,22355.151162,27260.886405,33756.238767,33271.921136,38501.122141,40377.929296,36211.44784,36089.700223,38997.129474,40225.448341,37925.338329
Post-demographic dividend,PST,25955100.0,26410300.0,26157000.0,27285100.0,30595400.0,34000500.0,35786100.0,37659900.0,41105400.0,43544900.0,41008600.0,42771500.0,45955100.0,45868200.0,46369300.0,47311400.0,44758300.0,45784200.0,47755700.0,50598100.0,51134900.0
Rwanda,RWA,2157.108263,2068.836754,1966.600715,1966.003468,2138.237279,2376.496067,2933.819766,3319.784539,4070.507895,5179.854065,5674.476969,6124.756654,6884.913658,7654.761574,7819.963716,8238.966064,8543.759678,8695.272301,9252.834336,9637.904655,10349.30038
South Asia,SAS,597995.0,647682.0,662514.0,695456.0,811669.0,941601.0,1075830.0,1220740.0,1536040.0,1559690.0,1702710.0,2082390.0,2294130.0,2327970.0,2389930.0,2614950.0,2733650.0,3011070.0,3433920.0,3534070.0,3658210.0
Saudi Arabia,SAU,161717.0,189515.0,184138.0,189606.0,215808.0,258742.0,328460.0,376900.0,415965.0,519797.0,429098.0,528207.0,676635.0,741850.0,753865.0,766606.0,669484.0,666000.0,714995.0,846584.0,838565.0
Sudan,SDN,10682.02834,12257.299147,15716.361792,18137.128388,21355.29846,26646.007251,35182.711988,45263.831634,59440.139775,64833.083257,51621.044077,58962.978034,55018.567211,37632.919967,43024.018082,49516.748618,51726.758677,42630.376,41283.617976,32333.780383,32338.079165
Senegal,SEN,6592.834933,6013.185004,6507.824829,7006.40232,8768.721563,10076.816667,11009.033438,11697.918243,13994.218413,16853.989628,16145.867495,16121.315909,17814.283639,17660.870412,18918.667725,19797.25344,17774.766696,19040.312333,20996.562944,23116.701556,23403.995992
Singapore,SGP,86286.849755,96076.539926,89793.79067,92538.37287,97646.401096,115034.0,127808.0,148627.0,180942.0,193617.0,194150.0,239808.0,279356.0,295093.0,307576.0,314864.0,307999.0,319054.0,343257.0,376893.0,376902.0
Sierra Leone,SLE,669.386624,635.8664038,1681.473752,1933.864034,2142.61835,2237.350963,2545.275313,2912.986118,3326.853436,3835.603779,3784.165906,4033.12283,4587.078913,5927.684219,7697.098118,7845.456215,6651.626734,6042.61586,5818.480352,6390.514689,6523.57759
Somalia,SOM,3045.751528,3412.79745,2252.847465,2192.684135,2836.724352,3859.592813,4683.246454,5026.743282,5430.713729,5913.620293,2948.594552,2687.807004,2906.000097,4364.67016,5062.881613,5728.399711,6152.14908,6613.74309,7621.50172,7873.440838,8655.02396
Sub-Saharan Africa (excluding high income),SSA,403399.0,427683.0,409715.0,446064.0,561842.0,697599.0,827869.0,976549.0,1130660.0,1281840.0,1224550.0,1448580.0,1628270.0,1691850.0,1798000.0,1874740.0,1668610.0,1521740.0,1659170.0,1781020.0,1834340.0
Sub-Saharan Africa,SSF,404066.0,428341.0,410381.0,446811.0,562596.0,698496.0,828851.0,977635.0,1131740.0,1282820.0,1225400.0,1449560.0,1629330.0,1692940.0,1799330.0,1876120.0,1670040.0,1523300.0,1660850.0,1782800.0,1836200.0
Suriname,SUR,886.2906977,947.6719697000001,834.2793578,1093.574468,1274.190311,1484.092538,1793.410397,2626.380435,2936.612022,3532.969035,3875.409836,4368.370998,4422.276622,4980.0,5145.757576,5240.606061,5126.237646,3317.421648,3591.679431,3996.198867,4016.040575
Sweden,SWE,274320.0,262905.0,242499.0,267373.0,334074.0,384547.0,391690.0,422530.0,490050.0,514617.0,434314.0,492753.0,570541.0,549742.0,584128.0,577730.0,501698.0,514218.0,536084.0,551312.0,532169.0
Eswatini,SWZ,1547.888496,1738.09384,1542.477309,1432.221739,2197.598466,2770.082792,3178.112499,3291.330019,3469.381231,3294.084314,3580.428053,4438.765086,4820.47868,4886.551484,4418.333192,4250.545461,3878.174404,3705.918654,4437.538381,4659.4744,4594.818143
Seychelles,SYC,662.8386148999999,654.2123942999999,662.0641559,742.1348375,750.8472301,893.0122182,977.8993817999999,1081.441283,1077.308814,979.5973942999999,850.9016204,981.6165423,1058.918707,1089.407839,1333.160407,1387.57787,1432.403352,1568.513348,1675.370641,1784.313927,1868.690097
Chad,TCD,1534.673583,1388.506772,1710.843377,1997.005709,2742.815072,4422.855661,6649.307524,7428.701454,8650.137743,10393.833765,9290.728319,10668.103554,12172.308851,12367.362757,12953.534866,13940.767219,10950.392257,10097.778098,10000.394381,11239.167898,11314.951092
East Asia & Pacific (IDA & IBRD countries),TEA,1576110.0,1734180.0,1845150.0,2042200.0,2311530.0,2680310.0,3104790.0,3739380.0,4727550.0,5981640.0,6485450.0,7893430.0,9642050.0,10750500.0,11860100.0,12789800.0,13313000.0,13604400.0,14870000.0,16628500.0,17201600.0
Togo,TGO,2226.577204,2106.848752,2093.498674,2410.199032,2987.984051,3191.561509,3221.910408,3320.907722,3759.964943,4578.849658,4721.8909,4746.389532,5422.442166,5413.544658,6021.732977,6393.318262,5755.461035,6071.170959,6387.422518,7029.300383,6992.700101
Thailand,THA,126669.0,126392.0,120296.0,134301.0,152281.0,172896.0,189318.0,221758.0,262943.0,291383.0,281711.0,341105.0,370819.0,397558.0,420334.0,407339.0,401296.0,413366.0,456357.0,506754.0,543977.0
Latin America & the Caribbean (IDA & IBRD countries),TLA,2002860.0,2214460.0,2161320.0,1927280.0,1960490.0,2264850.0,2751980.0,3234900.0,3826940.0,4465820.0,4176800.0,5212160.0,5941940.0,6007690.0,6156620.0,6273010.0,5197170.0,5056170.0,5634730.0,5506620.0,5413330.0
Middle East & North Africa (IDA & IBRD countries),TMN,444857.0,470236.0,476451.0,459607.0,503859.0,597697.0,700528.0,822278.0,1010290.0,1246530.0,1210830.0,1403810.0,1646480.0,1770670.0,1638100.0,1613900.0,1447590.0,1482400.0,1483100.0,1474390.0,1463040.0
South Asia (IDA & IBRD),TSA,597995.0,647682.0,662514.0,695456.0,811669.0,941601.0,1075830.0,1220740.0,1536040.0,1559690.0,1702710.0,2082390.0,2294130.0,2327970.0,2389930.0,2614950.0,2733650.0,3011070.0,3433920.0,3534070.0,3658210.0
Sub-Saharan Africa (IDA & IBRD countries),TSS,404066.0,428341.0,410381.0,446811.0,562596.0,698496.0,828851.0,977635.0,1131740.0,1282820.0,1225400.0,1449560.0,1629330.0,1692940.0,1799330.0,1876120.0,1670040.0,1523300.0,1660850.0,1782800.0,1836200.0
Trinidad and Tobago,TTO,6808.982521,8154.342116,8824.849191,9008.298229,11305.459802,13280.29199,15982.389018,18369.361094,21641.62005,27871.58735,19172.165226,22157.920592,25433.007437,27334.568806,28709.859469,29697.674914,27026.750553,23722.67843,24040.211327,24569.257295,23775.659263
Turkiye,TUR,256396.0,274295.0,201753.0,240249.0,314596.0,408865.0,506315.0,557076.0,681321.0,770449.0,649289.0,776967.0,838785.0,880556.0,957799.0,938935.0,864314.0,869683.0,858988.0,778972.0,761006.0
Tanzania,TZA,12704.334196,13371.767082,13563.990022,14129.651896,15211.487709,16673.062473,18395.383647,18619.859795,21860.434823,27947.821398,29400.573554,32012.892919,34657.140096,39650.394363,45648.857242,49986.726461,47413.919817,49774.409374,53274.884533,57003.712892,61026.731926
Uganda,UGA,5998.563258,6193.246837,5840.503869,6178.563591,6606.884275,7939.487548,9239.221763,9977.647683,11902.564495,14440.404132,25127.805567,26673.441431,27871.725241,27305.915911,28915.786517,32612.397257,32387.18373,29203.988696,30744.473841,32927.02562,35348.155095
Upper middle income,UMC,4001280.0,4372780.0,4374920.0,4406970.0,4911780.0,5793590.0,6887070.0,8121000.0,9981040.0,12063400.0,11970500.0,14632200.0,17501000.0,18676700.0,19843500.0,20594300.0,19830600.0,19907700.0,21841600.0,23375900.0,23748800.0
Uruguay,URY,23983.945191,22823.270892,20898.761742,13606.515723,12045.638352,13686.32989,17362.857684,19741.42074,23797.773024,31119.602539,32708.319078,41950.361212,50342.406067,54232.266359,61337.621934,61496.186974,57680.327999,57480.78839,65006.039995,65344.576348,62222.325807
United States,USA,9631170.0,10251000.0,10581900.0,10929100.0,11456500.0,12217200.0,13039200.0,13815600.0,14474200.0,14769900.0,14478100.0,15049000.0,15599700.0,16254000.0,16880700.0,17608100.0,18295000.0,18804900.0,19612100.0,20656500.0,21540000.0
St. Vincent and the Grenadines,VCT,390.7185185,427.946037,462.0723333,487.76385189999996,509.0908889,549.9001852,579.9489259,643.5011481,713.5966667,732.6632592999999,714.3002593,720.4478889,713.7963704,730.0325926,764.7812593,770.9,786.5555556,814.3037037,844.0407407,884.3296296,910.7666667000001
World,WLD,32747100.0,33855900.0,33646100.0,34940200.0,39181800.0,44151100.0,47811700.0,51815400.0,58389200.0,64152300.0,60814500.0,66609700.0,74080800.0,75705900.0,77873400.0,80020300.0,75472500.0,76702600.0,81712000.0,86884800.0,88149900.0
South Africa,ZAF,151517.0,151753.0,135430.0,129088.0,197019.0,255807.0,288867.0,303859.0,333077.0,316131.0,329754.0,417364.0,458199.0,434401.0,400886.0,381199.0,346710.0,323586.0,381449.0,405261.0,389330.0
Zambia,ZMB,3404.284891,3600.632111,4094.441301,4193.850445,4901.869764,6221.110219,8331.870169,12756.858899,14056.957976,17910.858638,15328.342304,20265.559484,23459.515276,25503.06042,28037.239463,27141.023558,21251.216799,20958.412538,25873.601261,26311.507274,23308.667781
Zimbabwe,ZWE,6858.0131,6689.9576,6777.3847,6342.1164,5727.5918,5805.5984,5755.2152,5443.8965,5291.9501,4415.7028,9665.7933,12041.6552,14101.9203,17114.8499,19091.02,19495.5196,19963.1206,20548.6781,51074.660513,34156.069918,25717.409842
